prec_county,P00003392,P60012234,P80001571
01A13121,1898,97,173
01B13121,2304,125,243
01C13121,580,13,19
01D13121,268,6,23
01E13121,2932,144,283
01F13121,443,11,16
01H13121,378,10,20
01J13121,1159,35,41
01P13121,577,11,17
01R13121,564,7,7
01S13121,801,10,25
01T13121,695,20,49
02A13121,1814,133,455
02B13121,1048,32,178
02C13121,1121,48,90
02D13121,2177,113,239
02E13121,1215,60,154
02F113121,1704,107,216
02F213121,420,19,47
02G13121,1968,105,247
02J13121,1844,94,220
02K13121,819,57,120
02L113121,2965,198,552
02L213121,575,28,130
02S13121,394,13,30
02W13121,219,25,52
035 Cates D - 0413135,191,12,181
03A13121,763,5,22
03B13121,203,2,2
03C13121,738,10,14
03D13121,391,6,10
03E13121,885,16,40
03F13121,933,72,174
03G13121,302,6,6
03H13121,384,12,9
03I13121,657,83,123
03L13121,204,2,10
03M13121,337,38,87
03N13121,881,27,35
03P1A13121,1592,116,243
03P213121,21,0,1
03S13121,338,6,7
03T13121,718,17,32
04A13121,493,12,11
04B13121,941,11,23
04C13121,64,0,0
04D13121,710,4,17
04F13121,853,28,77
04G13121,306,7,8
04I13121,504,19,52
04J13121,412,4,5
04K13121,1138,21,34
04L13121,740,24,28
04M13121,319,3,8
04S13121,1119,15,23
04T13121,540,6,9
04V13121,1201,17,20
04W13121,705,10,9
04X113121,923,20,28
04X213121,318,11,8
05A113121,1465,83,147
05A213121,1502,61,121
05B13121,852,37,55
05C13121,63,0,3
05D13121,117,3,8
05F13121,71,2,7
05J13121,350,21,47
05K13121,1255,55,85
06B13121,1012,69,197
06D13121,4561,255,1152
06E13121,1216,53,253
06F13121,1455,107,281
06G13121,307,13,53
06I13121,1448,83,233
06J13121,1488,92,303
06L113121,497,28,145
06L213121,338,15,132
06N13121,794,66,342
06Q13121,243,10,35
06R13121,885,40,211
07A13121,2123,209,1752
07B13121,899,101,1149
07C13121,1306,88,1151
07D13121,1289,143,992
07E13121,900,61,431
07F13121,1103,91,790
07H13121,775,51,589
07J13121,1129,141,612
07M13121,777,84,438
07N13121,795,54,190
08A13121,931,79,944
08B13121,982,123,1221
08C13121,328,45,607
08D13121,283,33,436
08E13121,842,84,966
08F113121,612,88,879
08G13121,932,60,673
08H13121,849,74,831
08J13121,1049,118,855
08K13121,397,64,260
08L13121,1688,182,751
08M13121,558,43,693
08N113121,232,32,313
08N213121,500,22,402
08P13121,633,50,168
09A13121,1504,138,465
09B13121,197,2,6
09C13121,1552,24,33
09D13121,910,10,19
09E13121,1222,35,49
09F13121,1489,177,969
09G13121,1480,120,399
09H13121,466,27,85
09I13121,518,5,10
09K13121,1919,30,59
09M13121,993,114,288
10013299,1740,24,417
10113237,864,32,998
10113245,262,26,253
10213245,520,22,189
10313245,735,5,16
10413237,1004,24,998
10413245,1444,19,93
10513237,376,42,1918
10513245,384,4,12
10613237,105,16,653
10613245,332,6,118
10713237,409,56,1977
10713245,534,32,561
10813245,282,9,28
10913245,442,31,105
10A13121,1713,25,29
10B13121,2514,32,56
10C13121,1259,9,15
10D13121,2057,16,53
10E13121,545,9,8
10F13121,600,7,18
10G13121,819,2,21
10H113121,214,3,3
10H213121,1095,23,31
10I13121,242,5,10
10J13121,437,6,13
10K13121,842,11,32
10M13121,1233,20,31
10P13121,715,11,17
10R13121,367,5,8
11113245,614,28,126
11213245,268,21,176
11413245,406,3,48
11513245,101,4,99
11B13121,3038,37,64
11C13121,1883,18,33
11E113121,617,12,16
11E213121,496,7,6
11E313121,1711,23,38
11G13121,972,14,19
11H13121,347,4,12
11J13121,993,6,28
11K13121,1079,18,27
11M13121,1574,18,29
11N13121,1389,15,30
11P13121,1013,14,18
11R13121,768,7,16
12A13121,2389,65,111
12D13121,579,9,11
12E113121,574,8,26
12F13121,437,9,10
12G13121,424,9,27
12H13121,1664,22,45
12I13121,425,4,7
12J13121,1201,19,26
12K13121,1299,36,65
12L13121,252,0,5
12M13121,1243,12,30
12N13121,359,6,8
12S13121,908,12,19
1A13103,149,28,811
1A13313,494,49,569
1B13001,92,9,685
1C13001,42,5,496
1C13103,139,24,638
1D13103,122,36,1006
200A13299,461,46,997
200B13299,262,6,192
20113245,721,4,22
20213245,1556,49,685
20313245,551,1,10
20413245,432,40,453
20713245,755,4,16
20813245,1134,28,229
20913245,426,5,135
21013245,819,15,111
213001,742,10,427
2A13103,249,51,1288
2A13313,503,76,1260
2B13103,356,64,1335
2C13103,463,53,1643
30013299,408,33,1881
30113245,553,75,1157
30213245,400,12,130
30313245,273,37,725
30413245,100,14,165
30413299,90,17,522
30513245,64,10,267
30613245,1275,69,861
30713245,392,31,655
30813245,181,10,153
30913245,1469,33,212
31013245,1848,67,580
3A113001,17,1,319
3A13001,4,4,209
3A13103,162,18,569
3A13313,399,43,849
3B13001,98,1,101
3B13103,336,24,541
3C13001,154,14,670
3C13103,226,20,824
3D13103,427,49,1124
40013299,248,30,1862
40113245,1234,15,67
40213245,1385,33,147
40413245,910,21,118
40413299,30,4,215
40513245,2270,39,204
40513299,25,4,359
40613245,1719,32,170
40613299,84,15,927
40713299,18,7,300
40813299,24,9,287
40913299,50,11,554
4A13001,14,1,261
4A13103,353,64,1432
4A13313,531,61,1096
4B13001,7,0,305
4C13001,10,2,284
4C13103,190,54,1213
4D13001,83,10,624
50113245,1626,22,224
50213245,2119,34,171
50313245,1856,31,340
50413245,706,23,309
50613245,136,0,69
50713245,318,25,136
50913245,1091,19,175
513 V.P.D.13279,975,65,2394
5A13001,68,12,530
5A13103,283,44,1296
5A13313,612,27,233
5B13001,79,3,336
5B13103,648,61,1457
5C13001,24,5,247
5C13103,219,35,741
60113245,1259,40,478
60313245,883,46,1050
60413245,643,27,282
60513245,1268,43,724
60713245,1045,16,48
60813245,280,25,542
6A13313,476,25,186
70113245,566,63,1049
70213245,406,54,798
70313245,1321,115,1160
70513245,624,50,909
70613245,737,78,1402
70713245,634,44,490
70813245,49,9,150
70913245,160,12,169
80113245,94,4,198
801B13245,75,2,214
80213245,513,32,1117
80313245,15,0,8
80413245,597,35,446
804H13245,769,25,931
80513245,271,7,135
80613245,244,11,480
80713245,544,20,197
80813245,586,28,784
80913245,508,9,30
81013245,80,8,150
ABERDEEN13113,338,44,845
ADAIRSVILLE13015,565,99,2838
ADMINISTRATION BLDG13285,1347,51,572
AIR ACRES13057,491,105,1285
ALLATOONA13015,433,75,1624
ALLGOOD ELEM13089,1584,26,172
ALPINE13055,93,17,451
ALTO PARK13115,442,68,1480
AN13313,471,32,540
ANNX13153,828,98,2077
ANTIOCH13113,423,62,854
AP01A13121,587,44,732
AP01B13121,247,30,203
AP01C13121,655,84,831
AP01D13121,293,29,222
AP02113121,879,118,1010
AP02213121,706,77,677
AP02B13121,109,7,122
AP0313121,298,12,96
AP04A13121,439,59,731
AP04B13121,137,16,165
AP0513121,1275,111,1793
AP0613121,485,82,735
AP07A13121,962,116,1091
AP07B13121,463,46,604
AP09A13121,1324,135,1366
AP09B13121,300,20,224
AP1013121,249,38,421
AP12A13121,257,15,141
AP12B13121,255,14,118
AP12C13121,353,33,472
AP1313121,838,55,915
AP1413121,942,128,1078
APPALACHIAN13227,167,33,970
ARAGON13233,262,34,1493
ARBOR STATION13097,975,46,616
ARMUCHEE VALLEY13295,124,16,667
ARMUCHEE13115,122,22,654
ARNOLD MILL13057,618,151,2184
ARTS CENTRE13077,2043,239,5098
AUSTIN DRIVE13089,1110,21,61
AUSTIN MIDDLE SCHOOL13223,1508,166,3768
AUSTIN ROAD13151,1301,41,784
AVERY13057,268,86,1661
AVONDALE HIGH - 0413089,954,32,167
AVONDALE HIGH - 0513089,850,32,93
BALL GROUND13057,279,79,1941
BANKS13113,491,39,599
BARKERS13115,185,40,1196
BARNESVILLE FBC13171,939,18,410
BARRON13169,254,14,626
BASCOMB13057,664,120,1899
BAYCREEK A13135,755,62,1011
BAYCREEK B13135,2069,72,1189
BAYCREEK C13135,2116,104,1562
BAYCREEK D13135,1262,80,1547
BAYCREEK E13135,871,57,898
BAYCREEK F13135,1574,65,989
BAYCREEK G13135,1634,86,1319
BAYCREEK H13135,1296,107,2090
BAYCREEK I13135,1797,97,1343
BAYCREEK J13135,1578,72,955
BAYCREEK K13135,1111,54,1158
BEAVERS DRIVE13015,613,84,2447
BELLS13057,1068,182,1853
BENTONS13207,322,59,1266
BEREA-STEADMAN13143,23,7,323
BERKSHIRE A13135,839,52,383
BERKSHIRE B13135,2100,102,709
BERKSHIRE D13135,837,81,930
BERKSHIRE E13135,598,60,716
BERKSHIRE F13135,628,39,410
BERKSHIRE G13135,695,72,794
BERKSHIRE H13135,587,38,325
BERKSHIRE J13135,802,95,1030
BERKSHIRE L13135,1174,59,397
BERKSHIRE M13135,461,50,605
BERKSHIRE N13135,836,69,1202
BERKSHIRE O13135,663,64,986
BERKSHIRE P13135,416,19,285
BERKSHIRE Q13135,468,56,587
BETHUNE MIDDLE13089,2411,23,81
BIG CREEK13123,152,22,728
BLACKROCK13113,1215,56,628
BLACKSTOCK13047,143,31,854
BLOOMING GROVE13233,162,20,790
BMS13153,1500,155,3875
BOARDTOWN13123,136,26,738
BOOTH13057,701,103,1949
BOUNDARY WATERS13097,1963,39,392
BOX SPRINGS13263,121,6,166
BOYNTON13047,660,111,2886
BRADSHAW13057,557,125,2307
BRAELINN13113,278,60,1097
BRANTLEYS13207,92,14,592
BREMEN13143,558,97,2969
BRIAR VISTA ELEM13089,1373,100,409
BRIARCLIFF13089,1200,87,689
BRIARLAKE ELEM13089,709,58,487
BRIDGEMILL13057,707,126,2597
BRIGHT STAR13097,553,45,928
BROOKS13113,194,62,1468
BROWNS MILL ELEM13089,2300,36,80
BUCHANAN13143,169,20,1154
BUNCOMBE13143,52,11,459
BURGAYS13207,292,31,1328
BUTTS CO COMM CENTER13035,1225,58,1130
BYROMVILLE13093,233,4,212
BYRON #113225,443,37,1216
BYRON #213225,947,68,1834
CA13313,142,22,789
CABANISS13207,107,6,315
CALHOUN CITY13129,1137,146,3247
CAMP CREEK13113,382,53,953
CANBY LANE ELEM13089,1085,8,31
CANDLER-MURPHEY CANDLER ELEM13089,1705,27,133
CANDLER13089,1518,44,67
CANNONGATE13077,441,126,1982
CANTON13057,1004,121,2389
CARL SCOGGINS MID SC13223,392,66,2344
CARMEL13057,750,124,1384
CARTECAY13123,124,16,864
CARTERS-DOOLITTLE13213,151,23,979
CARTERSVILLE EAST13015,1084,129,2309
CARTERSVILLE WEST13015,1193,115,2933
CARVER/MACK13215,2095,26,80
CASSVILLE13015,734,92,2000
CATAULA13145,379,50,1454
CATES A13135,520,55,934
CATES B13135,371,78,679
CATES C13135,964,37,678
CATES D13135,740,53,915
CATES E13135,869,80,1010
CATES F13135,403,59,789
CATES G13135,644,75,1217
CATES H13135,1307,54,683
CATES I13135,1107,89,1111
CATES J13135,1109,97,910
CATES K13135,627,102,932
CATES L13135,1344,74,1076
CATES M13135,1022,145,1581
CATES N13135,506,57,1196
CATES O13135,382,30,488
CATOOSA KEITH13047,214,44,1246
CAVE SPRING13115,223,26,709
CEDAR CREEK13077,655,116,2712
CEDAR GROVE ELEM13089,2451,33,92
CEDAR GROVE MIDDLE13089,824,5,23
CEDAR GROVE SOUTH13089,2239,23,75
CEDARTOWN13233,1053,81,2319
CENT13153,1519,130,2791
CENTER POST13295,124,45,1083
CENTER13015,373,71,1826
CENTRAL13077,955,57,260
CENTRALHATCHEE13149,140,26,891
CGTC13153,855,96,1820
CH0113121,107,6,44
CH0213121,135,3,182
CH0313121,75,10,160
CH04A13121,185,14,204
CH0513121,49,13,211
CHALYBEATE13199,43,7,262
CHAMBERS13047,258,42,1365
CHAPEL HILL ELEM13089,1913,23,49
CHAPEL HILL13097,1589,78,807
CHAPPELL MILL V. FD13171,147,18,713
CHATTANOOGA VALLEY13295,721,138,2829
CHERRY LOG13123,129,11,458
CHESTNUT LOG13097,1469,56,690
CHICKAMAUGA13295,578,127,3346
CHULIO13115,120,28,591
CLAIRMONT ROAD13089,1424,86,426
CLAUDE13225,102,11,442
CLAYTON13057,317,87,1842
CLINTON13169,331,26,1155
CLOUDLAND13055,58,5,158
CO13313,140,17,647
COLDWATER13055,53,3,106
COLONIAL HILLS13097,1612,29,180
COLUMBIA DRIVE13089,1146,16,37
COLUMBIA ELEM13089,746,14,8
COLUMBIA MIDDLE13089,949,16,28
COLUMBUS TECH13215,764,65,1012
COLWELL13111,122,13,562
CONNS CREEK13057,46,12,424
COOKSVILLE - CORINTH13149,33,7,256
CORALWOOD13089,1567,117,665
CORINTH13143,78,14,821
COTTON INDIAN13151,1251,72,1320
COURTHOUSE ANNEX13235,1104,58,2437
COVE13199,16,2,141
COVINGTON13089,855,32,83
COWETA CENTRAL LIBRARY13077,206,34,869
COX13207,104,12,356
CP01113121,529,23,126
CP01213121,590,29,163
CP01B13121,157,9,73
CP0213121,445,26,73
CP0413121,23,0,2
CP05113121,877,10,39
CP05B13121,57,1,1
CP06A13121,213,2,12
CP07A13121,441,10,10
CP08113121,133,2,4
CP08313121,83,1,1
CP08A13121,209,3,4
CROSSROADS13089,1572,29,78
CULLODEN13207,93,6,178
CUSSETA RD13215,2420,32,126
DACULA13135,1368,109,1303
DAVIDSON13169,147,19,770
DAVIS13083,119,29,967
DAVISBORO13303,267,4,306
DEEPSTEP13303,101,2,271
DEER LICK13097,819,52,733
DEER RUN13057,490,95,1407
DG13313,500,69,1372
DILLARDS13207,113,11,483
DIRTSELLER13055,16,0,106
DIRTTOWN13055,96,11,455
DIXIE13057,964,196,2144
DORSETT SHOALS13097,746,92,1368
DRESDEN13077,94,23,455
DRUID HILLS HIGH13089,1567,68,279
DRY BRANCH13289,200,11,660
DULUTH A13135,1469,138,1309
DULUTH B13135,867,81,1018
DULUTH C13135,691,93,625
DULUTH D13135,1393,121,876
DULUTH E13135,1665,101,782
DULUTH F13135,1867,78,581
DULUTH G13135,761,66,971
DULUTH H13135,784,58,779
DULUTH I13135,1216,59,1508
DULUTH K13135,880,36,248
DUNAIRE ELEM13089,993,19,133
DUNCANS A13135,814,108,2109
DUNCANS B13135,769,108,2119
DUNCANS C13135,497,78,1509
DUNCANS D13135,1028,152,2675
DUTCHTOWN13151,671,57,1009
EAST ELLIJAY13123,151,23,803
EAST LAKE13151,466,51,1648
EAST LINDALE13115,483,63,1595
EAST MACON 113021,954,4,26
EAST MACON 213021,1999,21,100
EAST MACON 313021,1289,52,490
EAST MACON 413021,1234,13,63
EAST MACON 513021,1125,22,318
EAST ROME13115,1019,89,1164
EAST VERNON13285,399,54,1660
EDDY/KEY13215,1334,27,371
EDGEWOOD BAPTIST13215,1088,44,625
ELLENWOOD13063,3174,59,219
ELLENWOOD13151,2222,47,483
ELLERSLIE13145,701,57,2022
ELLIJAY NORTH13123,154,31,763
ELLIJAY NORTHEAST13123,207,12,951
ELLIJAY SOUTH13123,306,40,1372
EMBRY HILLS13089,790,75,509
EMERSON13015,289,55,1380
EMORY ROAD13089,674,19,124
EMORY SOUTH13089,1738,123,473
ENON GROVE13149,84,14,471
EP0113121,2572,70,266
EP0213121,2634,75,275
EP0313121,3314,63,173
EPHESUS BAPTIST CHUR13097,514,67,2120
EPHESUS13149,85,19,631
ES13313,267,26,532
ETHRIDGE13169,418,26,705
ETOWAH13115,613,77,2444
EUHARLEE13015,420,77,1660
EUROPE13113,1903,36,286
EVANSDALE ELEM13089,1224,77,510
EVERETT SPRINGS13115,40,7,237
EVERS13207,240,40,876
EXPO CENTER13077,306,58,878
FA01A13121,4191,86,598
FA01B13121,358,6,20
FACTORY SHOALS13097,1609,74,818
FAIRINGTON ELEM13089,2253,30,62
FAIRMOUNT13129,105,29,967
FAIRPLAY13111,107,12,532
FAIRVIEW13295,307,50,1164
FAIRYLAND13295,246,48,540
FAITH TABERNACLE13215,2169,34,179
FAYETTEVILLE EAST13113,634,38,611
FAYETTEVILLE WEST13113,489,32,628
FELTON13143,13,2,153
FERNBANK ELEM13089,1303,63,320
FI13313,315,29,825
FIELDING RIDGE13113,789,117,1655
FINNEY13169,392,46,1214
FIRST AFRICAN13215,579,33,208
FISCHER ROAD13077,586,126,1941
FISH CREEK13233,241,26,1338
FLAKES MILL FIRE STATION13089,1132,10,29
FLAT CREEK13113,491,65,806
FLAT ROCK ELEM13089,1707,26,58
FLAT SHOALS ELEM13089,1128,15,24
FLAT SHOALS LIBRARY13089,1194,16,26
FLAT SHOALS PARKWAY13089,2085,21,71
FLAT SHOALS13089,1099,25,26
FLINT HILL13263,464,15,275
FLINT13113,562,27,493
FLINTHILL13111,287,40,1483
FLIPPEN13151,1736,39,1002
FLOYD SPRINGS13115,119,27,977
FMMS13153,2100,185,3105
FOLSOM13015,60,16,698
FOREST PARK 113063,1014,37,267
FOREST PARK 213063,955,24,184
FOREST PARK 313063,880,18,222
FOREST PARK 413063,573,22,282
FOREST PARK 513063,1263,34,265
FOREST PARK 613063,460,14,209
FORSYTH13207,1486,38,1044
FORT VALLEY #113225,889,33,610
FORT VALLEY #213225,950,20,442
FORT VALLEY #313225,1575,25,204
FORT/WADDELL13215,2721,61,535
FOSTER'S MILL13115,76,13,491
FRANKLIN13149,305,25,848
FREEDOM MIDDLE13089,1531,25,161
FREEHOME13057,525,125,2851
GARDEN LAKES13115,381,50,824
GARDNER NEWMAN13285,451,21,756
GARNERS A13135,889,121,1325
GARNERS B13135,1219,55,713
GARNERS C13135,604,60,552
GARNERS D13135,1337,45,534
GARNERS F13135,467,49,523
GENEVA13263,215,3,129
GENTIAN/REESE @LDS13215,1395,108,1609
GL13313,466,34,810
GLENHAVEN13089,808,28,75
GLENNWOOD - 0413089,559,30,77
GLENNWOOD - 0513089,719,18,104
GLENWOOD ROAD13089,969,15,56
GLENWOOD13115,381,71,1444
GODFREY 113021,2689,67,189
GODFREY 213021,773,10,68
GODFREY 313021,1507,15,153
GODFREY 413021,892,10,103
GODFREY 513021,2195,38,286
GOLDEN ISLES13289,631,10,434
GOLDEN METHODIST CH13097,2044,58,342
GOODMAN13145,369,21,638
GOODWINS A13135,1215,99,940
GOODWINS B13135,933,120,1419
GOODWINS C13135,1765,106,1034
GOODWINS D13135,1165,147,1165
GOODWINS E13135,1479,148,1506
GOODWINS F13135,908,102,843
GOODWINS G13135,936,47,433
GOODWINS H13135,816,88,794
GOODWINS I13135,731,78,895
GORDON COUNTY13129,589,68,2588
GRANTVILLE13077,457,45,1018
GRAY HILL13285,304,29,849
GRAY13169,405,36,1302
GRAYSVILLE13047,442,107,1950
GREENTOP13077,540,50,1032
GRESHAM ROAD13089,1761,57,99
GRIGGS CENTER13285,1146,15,64
GROVE PARK13151,609,52,1299
HAFS13153,253,15,810
HAMBRICK ELEM13089,1653,32,197
HAMILTON13145,509,39,987
HAMMETT RD13285,1270,47,974
HARALSON13077,217,33,1166
HARBINS A13135,1470,156,2026
HARBINS B13135,897,106,1683
HARBINS C13135,468,58,1076
HARPS CROSSING13113,359,29,837
HARRIS-MARGARET HARRIS ED13089,942,59,237
HARRISON13303,231,9,423
HAWKINS13169,1127,35,710
HAWTHORNE ELEM13089,1681,91,591
HAYWOOD13055,15,3,89
HAZZARD 113021,1555,13,230
HAZZARD 213021,1176,61,1125
HAZZARD 313021,2675,74,1108
HAZZARD 413021,445,23,1004
HAZZARD 513021,709,37,1000
HCTC13153,1495,139,1929
HEFS13153,282,10,502
HEMPTOWN13111,122,13,630
HENDERSON MILL ELEM13089,1313,94,665
HHPC13153,1881,124,1920
HICKORY FLAT13057,819,168,2600
HICKORY FLAT13151,1904,91,1199
HIGGSVILLE13289,138,14,342
HIGH FALLS13207,153,23,790
HIGHLAND13285,463,22,461
HIGHTOWER13057,280,84,1836
HILL13227,158,42,913
HILLSIDE13057,498,94,1722
HINTON13227,47,16,404
HIRAM HIGH SCHOOL13223,1704,97,2275
HOG MOUNTAIN A13135,1351,119,1177
HOG MOUNTAIN B13135,1097,107,1767
HOG MOUNTAIN C13135,910,109,1372
HOG MOUNTAIN D13135,706,98,1107
HOGANSVILLE13285,627,29,1092
HOLLIS HAND13285,585,78,1801
HOLLY SPRINGS13057,292,75,1224
HOPEFUL13113,731,44,612
HOTHOUSE13111,108,13,611
HOWARD 113021,429,33,657
HOWARD 313021,2179,158,3100
HOWARD 413021,448,46,590
HOWARD 513021,459,47,460
HOWARD 613021,526,59,814
HOWARD 713021,568,69,1182
HOWELL13115,90,14,810
HP0113121,1205,70,495
HUGH HOWELL13089,724,50,561
INDIAN CREEK ELEM13089,845,33,136
JASPER13227,246,44,1024
JC0113121,1870,120,1322
JC0213121,722,35,697
JC03A13121,196,17,199
JC03B13121,549,38,373
JC04A13121,1410,151,1381
JC04B13121,91,9,74
JC0513121,736,81,651
JC0613121,713,55,1025
JC0713121,1390,107,1207
JC0813121,872,110,964
JC0913121,1059,89,806
JC1013121,800,69,619
JC1113121,897,77,1224
JC1213121,579,41,1177
JC13A13121,449,61,1011
JC13B13121,38,9,153
JC1413121,708,60,1000
JC1513121,294,29,202
JC1613121,802,102,907
JC1813121,791,100,1100
JC1913121,1251,143,1239
JEFF DAVIS13113,985,44,714
JEFFERSON PARKWAY13077,2097,187,2025
JEFFERSONVILLE/WARE13289,698,9,354
JENKINSBURG13035,537,25,1039
JERUSALEM13227,67,12,538
JOLLY ELEM13089,1406,48,250
JONESBORO 1013063,1230,22,158
JONESBORO 1113063,1662,44,490
JONESBORO 113063,2176,41,207
JONESBORO 1213063,1331,16,109
JONESBORO 1313063,950,17,182
JONESBORO 1413063,1781,53,857
JONESBORO 1513063,1052,31,129
JONESBORO 1613063,912,26,127
JONESBORO 1713063,2161,45,165
JONESBORO 1813063,1345,41,207
JONESBORO 213063,2024,35,108
JONESBORO 313063,1795,43,386
JONESBORO 413063,811,22,172
JONESBORO 513063,825,33,271
JONESBORO 613063,846,37,844
JONESBORO 713063,1394,43,329
JONESBORO 813063,1569,24,115
JONESBORO 913063,472,13,132
JUNCTION CITY13263,207,7,106
KEDRON13113,899,87,1284
KELLEY CHAPEL ROAD13089,809,12,37
KELLEY LAKE ELEM13089,1497,25,44
KELLEYTOWN13151,725,78,1579
KELLOGG13057,758,186,2060
KELSEYS13207,209,4,235
KENSINGTON13295,161,34,684
KENWOOD13113,519,16,156
KING-ML KING JR HIGH13089,2804,31,64
KINGSTON13015,223,35,1252
L C S C13171,403,38,1344
LAKE CITY13063,1178,29,154
LAKE CREEK13233,248,41,1564
LAKE DOW13151,965,79,2149
LAKE HAVEN13151,980,83,1548
LAKESIDE HIGH13089,1393,100,813
LAKEVIEW13047,372,69,1421
LAVISTA ROAD13089,1019,58,396
LAVISTA13089,1329,95,474
LAWRENCEVILLE A13135,1052,70,891
LAWRENCEVILLE B13135,1754,71,926
LAWRENCEVILLE C13135,624,107,1064
LAWRENCEVILLE D13135,1753,69,548
LAWRENCEVILLE E13135,633,58,821
LAWRENCEVILLE F13135,1635,73,607
LAWRENCEVILLE G13135,1162,52,429
LAWRENCEVILLE H13135,1072,118,1423
LAWRENCEVILLE I13135,1077,91,722
LAWRENCEVILLE J13135,728,60,401
LAWRENCEVILLE K13135,883,84,1052
LAWRENCEVILLE L13135,1601,105,1189
LAWRENCEVILLE M13135,2380,93,698
LAWRENCEVILLE N13135,652,67,563
LEACHES13123,225,39,1235
LIBERTY13057,1236,238,3206
LIGHTHOUSE13151,1342,51,951
LILLY13093,175,4,161
LILY POND13129,141,24,847
LITHONIA HIGH13089,1606,20,33
LITTLE CREEK13143,46,9,386
LITTLE RIVER13057,1458,200,2791
LIVSEY ELEM13089,592,37,454
LOCUST GROVE13151,1852,97,1371
LONE OAK13199,368,9,344
LONG CANE13285,503,38,1600
LOVEJOY 113063,1777,41,314
LOVEJOY 213063,1421,25,197
LOVEJOY 313063,2696,56,572
LOVEJOY 413063,2023,27,232
LOVEJOY 513063,1367,30,147
LOWER 19TH13145,346,43,1327
LOWES13151,2768,127,2055
LT13313,76,14,610
LUDVILLE13227,24,10,343
LUTHERAN CHURCH - GS13097,1404,82,1200
LUTHERSVILLE13199,639,30,855
LYERLY13055,94,12,445
MACEDONIA13057,523,100,2437
MADRAS13077,748,99,1824
MARBUT ELEM13089,2305,21,51
MARTIN & BURNEY13159,248,49,1836
MARTINS A13135,1237,58,364
MARTINS B13135,1087,50,564
MARTINS C13135,818,55,611
MARTINS D13135,803,26,163
MARTINS E13135,2197,66,294
MARTINS F13135,917,45,308
MARTINS G13135,863,57,339
MARTINS H13135,1594,67,821
MARTINS I13135,1380,43,439
MARTINS J13135,1533,75,392
MARTINS K13135,2107,82,614
MATHIS-BOB MATHIS ELEM13089,1694,31,83
MC13313,118,28,848
MCDONALD13213,175,29,1123
MCDONOUGH CENTRAL13151,1229,70,1148
MCDONOUGH13151,660,25,449
MCINTOSH13113,714,73,1549
MCLENDON13089,1129,66,217
MCLENDON13285,469,67,1799
MCMS13153,1733,160,3345
MCMULLEN13151,495,69,1660
MCNAIR ACADEMY13089,1131,36,32
MCNAIR HIGH13089,2032,71,131
MCWILLIAMS13089,1376,15,39
MEMORIAL SOUTH13089,1189,22,74
MIDDLEBROOKS13207,140,22,706
MIDVALE ELEM13089,725,84,704
MIDVALE ROAD13089,1292,72,591
MILL13153,470,39,819
MILLER GROVE HIGH13089,1450,17,40
MILLER GROVE ROAD13089,1330,12,47
MILNER13171,404,37,1881
MINERAL BLUFF13111,143,12,922
MIRROR LAKE ELEMENTA13097,1693,116,1770
MISSION ROAD13015,648,82,2521
ML01113121,627,87,985
ML01213121,103,12,232
ML01B13121,19,3,37
ML02113121,300,65,938
ML02213121,35,17,104
ML02313121,266,49,716
ML02413121,16,3,57
ML0313121,755,131,1799
ML04A13121,433,61,738
ML04B13121,250,36,571
ML04C13121,18,1,52
ML05A13121,18,0,14
ML05B13121,84,4,185
ML05C13121,1243,116,1414
ML06A13121,687,46,367
ML06B13121,1032,92,710
ML07113121,32,3,45
ML07213121,220,30,546
ML07A13121,139,21,330
MOBILE13111,93,14,573
MONTCLAIR ELEM13089,968,45,142
MONTICELLO13159,1067,53,1712
MONTREAL13089,761,51,289
MOON/MORNINGSIDE13215,973,115,2079
MORELAND13077,254,38,1274
MORGANTON13111,225,12,985
MORNING CREEK13113,1088,51,919
MORROW 113063,1324,29,128
MORROW 213063,678,22,338
MORROW 313063,1833,40,338
MORROW 413063,731,30,235
MORROW 513063,2425,52,410
MORROW 613063,1215,36,243
MORROW 713063,762,18,164
MORROW 813063,1473,34,115
MORROW 913063,614,21,114
MOSES MIDDLE SCHOOL13223,971,120,2893
MOUNTAIN ROAD13057,432,100,1566
MOUNTAIN13295,132,23,566
MOUNTAINTOWN13123,106,17,576
MOUNTVILLE13285,391,21,771
MP0113121,161,20,151
MT ALTO NORTH13115,1005,84,1384
MT ALTO SOUTH13115,832,82,1338
MT TABOR PARK13223,1351,201,4231
MT VIEW13143,12,1,170
MT. BETHEL13151,485,48,1595
MULBERRY GROVE13145,317,41,1617
MURPHY13113,883,68,1215
NEBO ELEMENTARY SCH13223,1054,143,3606
NEESE13057,1286,247,2842
NELSON13227,118,25,750
NEW HOME13083,45,13,348
NEW SALEM13083,140,27,590
NEWNAN13077,1043,64,696
NI13313,222,36,1164
NOONTOOTLA13111,94,2,443
NORTH CAROLINA13115,168,21,789
NORTH DADE13083,226,34,815
NORTH DECATUR13089,865,51,157
NORTH HAIRSTON13089,1075,24,121
NORTH HAMPTON13151,2058,118,1771
NORTH ROME13115,844,52,906
NORTH13213,134,29,1084
NORTHLAKE13089,690,64,319
NORTHSIDE ELEM SCH13223,268,36,1242
NORTHSIDE13077,473,60,1031
NORTHSIDE13285,631,38,997
NSES13153,521,28,1002
OAK 113063,1089,15,36
OAK 213063,694,16,41
OAK 313063,1696,28,67
OAK 413063,1639,28,59
OAK GROVE ELEM13089,1008,81,537
OAK GROVE13057,458,93,1624
OAK GROVE13113,266,55,661
OAK RIDGE13113,777,40,636
OAK VIEW ELEM13089,2575,27,43
OAKCLIFF ELEM13089,702,42,239
OAKLAND13151,1204,67,1424
OAKMAN13129,95,18,552
OCONEE13303,174,3,201
OLD COURTHOUSE13097,1618,83,1076
ONEAL13263,230,3,171
OOSTANAULA13129,80,8,315
P B RITCH MIDD SCH13223,1945,128,2531
PA0113121,1077,33,390
PANHANDLE 113063,1555,29,218
PANHANDLE 213063,1207,28,456
PANOLA ROAD13089,1162,13,24
PANOLA WAY ELEM13089,972,23,28
PANOLA13089,830,18,51
PANTHER CREEK13077,387,60,1360
PATES CREEK13151,1700,102,1530
PAULDING CO HIGH SC13223,999,119,2235
PENNVILLE13055,48,3,272
PG13313,693,84,2039
PINCKNEYVILLE A113135,719,93,1160
PINCKNEYVILLE A13135,992,58,239
PINCKNEYVILLE B13135,1125,67,365
PINCKNEYVILLE C13135,623,51,613
PINCKNEYVILLE D13135,729,39,190
PINCKNEYVILLE E13135,770,46,200
PINCKNEYVILLE F13135,698,28,295
PINCKNEYVILLE H13135,1342,114,1165
PINCKNEYVILLE I13135,988,37,310
PINCKNEYVILLE J13135,975,30,172
PINCKNEYVILLE K13135,1327,59,350
PINCKNEYVILLE L13135,622,107,1040
PINCKNEYVILLE M13135,650,75,1124
PINCKNEYVILLE N13135,1412,72,318
PINCKNEYVILLE O13135,1340,59,350
PINCKNEYVILLE P13135,673,61,592
PINCKNEYVILLE Q13135,762,30,128
PINCKNEYVILLE S13135,1007,72,586
PINCKNEYVILLE T13135,920,75,652
PINCKNEYVILLE U13135,711,68,462
PINCKNEYVILLE V13135,548,36,295
PINCKNEYVILLE W13135,1250,97,859
PINCKNEYVILLE X13135,1029,119,1016
PINCKNEYVILLE Y13135,1221,40,289
PINCKNEYVILLE Z13135,481,76,861
PINE CHAPEL13129,63,7,488
PINE LOG13015,131,37,1084
PINE MOUNTAIN VALLEY13145,119,19,599
PINE ROAD13077,172,28,1040
PINEHURST13093,103,5,248
PINEY GROVE13089,917,28,40
PLAINVILLE13129,131,28,872
PLEASANT GROVE13151,1045,54,1582
POPE13169,384,22,742
POPLAR SPRINGS13047,384,88,2123
POWERSVILLE13225,194,17,665
PRAYS MILL GYM13097,1155,96,2217
PRINCETON ELEM13089,1297,28,54
PROCTORS13207,168,17,439
PSALMOND/MATHEWS13215,1834,124,2505
PUCKETTS A13135,881,108,2146
PUCKETTS B13135,581,57,1282
PUCKETTS C13135,619,85,1183
PUCKETTS D13135,616,86,1372
PUCKETTS E13135,1333,92,1522
R M MOORE13057,227,61,1708
R T JONES13057,362,65,889
RAINBOW ELEM13089,2169,24,76
RALEIGH13199,66,3,266
RAREOVER13113,550,76,1387
RAYMOND13077,234,49,1219
RECR13153,3187,105,983
RED BUD13129,256,44,1283
RED OAK13151,2822,58,496
REDAN ELEM13089,1709,25,57
REDAN MIDDLE13089,1377,24,70
REDAN ROAD13089,1428,18,63
REDAN-TROTTI LIBRARY13089,2056,27,57
REDBONE13171,75,10,329
REDBONE13293,1035,71,3956
REFUGE13227,169,29,1259
REHOBOTH13089,981,79,434
RESACA13129,112,22,669
RIDDLEVILLE13303,135,7,285
RINGGOLD13047,883,163,3412
RISING STAR13113,643,123,1711
RIVERDALE 1013063,1150,12,44
RIVERDALE 1113063,990,8,60
RIVERDALE 113063,1241,19,107
RIVERDALE 1213063,1526,20,115
RIVERDALE 213063,1580,23,77
RIVERDALE 313063,1687,16,87
RIVERDALE 413063,1750,21,193
RIVERDALE 513063,1416,27,108
RIVERDALE 613063,1222,22,197
RIVERDALE 713063,901,11,134
RIVERDALE 813063,1474,18,162
RIVERDALE 913063,1231,22,147
RIVERSIDE13115,128,24,351
ROBERTS13169,473,33,995
ROCK CHAPEL ELEM13089,1510,21,73
ROCK CHAPEL ROAD13089,1996,38,168
ROCK SPRING13295,522,97,3137
ROCKBRIDGE A13135,1705,61,539
ROCKBRIDGE B13135,1631,64,620
ROCKBRIDGE C13135,2307,77,647
ROCKBRIDGE D13135,1570,51,653
ROCKBRIDGE E13135,1774,70,573
ROCKBRIDGE F13135,2650,69,713
ROCKBRIDGE G13135,2433,76,678
ROCKBRIDGE ROAD13089,2151,30,98
ROCKMART13233,772,63,2506
ROCKYCREEK A13135,1302,128,1934
ROCKYCREEK B13135,1148,148,1802
ROCKYCREEK C13135,1233,118,1782
ROSECREEK13057,586,125,1922
ROSEMONT13285,348,40,1958
ROSSVILLE13295,669,92,2320
ROTHSCHILD13215,3213,72,483
ROWLAND ELEM13089,1561,37,108
ROWLAND ROAD13089,1047,21,107
ROZR13153,2475,195,4961
RUSSELLVILLE13207,52,1,224
RUSSOM ELEM SCH13223,1781,225,4527
RUTLAND 113021,1315,57,2297
RUTLAND 213021,641,50,1378
RW0113121,1253,145,2034
RW0213121,1232,173,1450
RW0313121,1445,150,1189
RW0413121,599,86,674
RW0513121,710,72,424
RW0613121,936,104,921
RW07A13121,532,40,111
RW07B13121,170,11,63
RW0813121,527,78,960
RW0913121,1404,190,2761
RW1013121,935,123,1361
RW11A13121,830,105,819
RW1213121,1627,192,2555
RW1313121,1061,158,1286
RW1613121,560,54,747
RW1713121,972,110,660
RW1913121,569,76,858
RW2013121,869,92,1039
RW2113121,819,112,1327
RW22A13121,1401,143,940
SAGAMORE HILLS ELEM13089,1391,97,741
SALACOA13057,43,15,376
SALEM MIDDLE13089,2153,23,69
SALEM13293,240,4,32
SALVATION ARMY13215,820,59,924
SAMMY MCCLURE MID SC13223,1303,224,5443
SANDERS13169,30,3,86
SANDERSVILLE13303,2194,50,1738
SANDY RIDGE13151,493,83,2247
SARA RAGSDALE ELM SC13223,725,109,3038
SC01B13121,2710,27,86
SC0213121,625,9,20
SC0413121,395,11,222
SC05A13121,424,13,9
SC05B13121,2018,32,67
SC05D13121,1500,25,135
SC07A13121,3071,43,350
SC08B13121,1915,38,63
SC08C13121,56,1,0
SC08D13121,316,6,7
SC08E13121,274,6,1
SC08F13121,361,6,19
SC08G13121,2,0,0
SC09A13121,1752,25,81
SC09B13121,1038,19,33
SC1013121,784,14,27
SC11A13121,828,8,23
SC11B13121,930,12,24
SC1313121,1479,13,85
SC1413121,528,7,18
SC1513121,3905,64,168
SC1613121,2873,24,63
SC17A13121,35,0,0
SC17C13121,647,9,28
SC18A13121,305,5,11
SC18B13121,3184,39,101
SC19A13121,113,1,3
SC19B13121,696,1,23
SC21113121,744,8,30
SC21213121,1744,31,112
SC23A13121,2951,34,92
SC23B13121,294,1,8
SC2713121,1276,11,40
SC29A13121,1635,21,51
SC30A13121,91,2,2
SC30B13121,570,11,10
SCOTT13089,1315,78,303
SEMINOLE13055,5,5,77
SENOIA13077,716,126,2597
SEVENTH13143,151,23,837
SHADOW ROCK ELEM13089,2473,24,117
SHADY GROVE/TARVERS13289,304,6,245
SHAKERAG EAST13113,316,53,687
SHAKERAG WEST13113,271,43,622
SHAKERAG13151,2093,54,307
SHAMROCK13089,790,49,298
SHARPSBURG13077,520,127,2350
SHARPTOP13227,340,46,1434
SHAW-ROBERT SHAW ELEM13089,1711,95,248
SHILOH13151,1416,73,743
SHUCK PEN13213,257,38,1333
SIXES13057,428,79,1551
SKENIAH13111,50,3,165
SKINNER13145,207,18,361
SMOKEY ROAD13077,571,45,812
SNAPFINGER ELEM13089,1092,21,45
SONORAVILLE13129,388,93,2625
SOUTH DADE13083,94,15,445
SOUTH DESHON13089,1921,28,51
SOUTH HAIRSTON13089,1896,18,89
SOUTH HAMPTON13151,1395,107,1601
SOUTH ROME13115,497,27,156
SOUTHWEST13149,96,2,273
SOUTHWEST13213,214,44,1368
SPRING HILL13113,1029,63,1005
SPRING PLACE13213,326,50,1700
SS0113121,852,90,1278
SS02A13121,414,43,316
SS02B13121,539,43,197
SS0313121,492,61,430
SS0413121,1225,113,675
SS0513121,652,66,657
SS0613121,465,44,523
SS07A13121,265,29,361
SS07B13121,180,28,152
SS07C13121,246,18,234
SS08A13121,502,39,266
SS08B13121,210,18,210
SS08C13121,230,21,133
SS08D13121,431,36,280
SS09A13121,969,92,1122
SS09B13121,1122,97,1266
SS11A13121,1383,124,914
SS11B13121,489,42,224
SS11C13121,117,6,33
SS11D13121,103,15,130
SS1213121,896,110,837
SS13A13121,487,49,462
SS13B13121,303,24,237
SS1413121,390,54,578
SS15A13121,974,71,198
SS15B13121,608,38,308
SS1613121,655,75,834
SS1713121,1089,84,1169
SS18A13121,226,15,247
SS18B13121,78,7,98
SS19A13121,1251,77,447
SS19B13121,909,68,334
SS2013121,742,45,393
SS2213121,983,55,655
SS2513121,453,47,622
SS2613121,1478,92,332
SS29A13121,966,86,681
SS3113121,382,22,333
ST JOHN/BELVEDERE13215,2852,34,179
ST JULIANS EPISCOPAL13097,466,35,789
STAGECOACH13151,991,50,934
STARK13035,163,25,1657
STARRSMILL13113,525,76,1902
STEPHENSON HIGH13089,1877,34,118
STEPHENSON MIDDLE13089,2034,39,126
STEWART13097,1403,26,200
STOCKBRIDGE CENTRAL13151,1640,64,716
STOCKBRIDGE EAST13151,894,33,254
STOCKBRIDGE WEST13151,1995,47,351
STONE MILL ELEM13089,1249,15,87
STONE MOUNTAIN ELEM13089,1033,30,408
STONEVIEW ELEM13089,767,8,47
SUBLIGNA13055,30,5,295
SUGAR CREEK13111,222,34,1161
SUGAR HILL A13135,803,85,1247
SUGAR HILL B13135,1048,144,1653
SUGAR HILL C13135,986,133,1914
SUGAR HILL D13135,838,92,1412
SUGAR HILL E13135,671,101,1099
SUGAR HILL F13135,873,132,1381
SUGAR HILL G13135,610,96,1136
SUGAR VALLEY13129,84,20,738
SUMMERVILLE13055,759,67,2099
SUTALLEE13057,204,53,1305
SUWANEE A13135,437,46,468
SUWANEE B13135,1078,134,1350
SUWANEE C13135,1218,116,1509
SUWANEE D13135,948,126,1894
SUWANEE E13135,934,117,1601
SUWANEE F13135,1056,123,1172
SUWANEE G13135,985,109,1104
SUWANEE H13135,724,86,1633
SWAN LAKE13151,857,60,1274
TAILS CREEK13123,115,18,787
TALBOTTON13263,488,6,106
TALKING ROCK13227,104,19,933
TALLAPOOSA13143,258,52,1395
TAYLOR FARM PARK13223,2350,168,3532
TAYLORSVILLE13015,159,36,1482
TEASLEY13057,939,176,3464
TELOGA13055,40,10,320
TENNILLE13303,880,18,641
TEXAS VALLEY13115,61,13,464
TH13313,383,61,1748
THOMAS CROSSROADS13077,661,133,2678
TI13313,65,8,356
TIMBERRIDGE13151,311,26,981
TMS13153,1495,87,1292
TOCCOA13111,350,54,1565
TONEY ELEM13089,923,12,30
TOONIGH13057,913,206,2912
TOWALIGA13035,497,64,1816
TOWN CREEK13123,82,12,555
TOWN ROME13115,670,56,855
TOWN13213,543,70,2754
TOWN13293,1977,80,2653
TR13313,104,23,760
TRENTON13083,210,55,1348
TRION13055,306,36,1589
TUCKER LIBRARY13089,1121,83,546
TUCKER13089,1137,122,871
TURIN13077,498,89,2016
TURKEY CREEK13077,259,25,323
TURNER13097,1086,68,1061
TUSSAHAW13151,265,58,1842
TWENTIETH13143,40,12,389
TWPK13153,1060,106,1797
UC01A13121,1698,40,81
UC01B13121,204,5,3
UC01E13121,69,2,2
UC02A13121,3879,53,167
UC02B13121,10,0,6
UC03113121,1019,25,281
UC03213121,77,1,13
UNADILLA13093,521,11,501
UNION HILL13057,436,104,2062
UNIVETER13057,502,135,2654
UPPER 19TH13145,150,20,823
UT13313,67,13,501
VA13313,581,90,2520
VALLEY BROOK13089,471,37,149
VALLEY PLAINS13145,152,6,316
VALLEY13263,277,6,243
VANNS VALLEY13115,96,15,310
VFW13305,429,12,99
VHS13153,899,89,2402
VICTORIA13057,366,102,1441
VIENNA13093,840,12,829
VINEVILLE 113021,1233,95,581
VINEVILLE 213021,842,41,281
VINEVILLE 313021,1485,18,126
VINEVILLE 413021,1944,31,223
VINEVILLE 513021,557,60,912
VINEVILLE 613021,833,90,944
WACO13143,75,16,529
WALESKA13057,353,52,1260
WARREN TECH13089,524,31,260
WARRIOR 113021,554,32,1131
WARRIOR 213021,706,40,1333
WARTHEN13303,218,5,284
WATSON GOVT COMPLEX13223,1674,152,2997
WATTERS13115,262,66,1706
WAVERLY HALL13145,609,46,1112
WELCOME13077,379,62,1558
WESLEY CHAPEL LIBRARY13089,1885,22,51
WESLEY LAKES13151,2047,78,940
WEST BROW13083,131,53,538
WEST LINDALE13115,302,49,1239
WEST POINT13285,779,11,396
WESTSIDE13047,658,88,2334
WESTSIDE13077,317,14,149
WESTSIDE13151,2603,77,538
WHITE OAK13077,754,122,2170
WHITE OAK13089,1331,32,43
WHITE13015,204,49,1326
WHITESVILLE13145,228,19,680
WHITEWATER13113,616,88,1786
WILDCAT13057,387,107,1531
WILLOW POND13113,785,72,1051
WILLOWBEND13113,370,80,941
WINDGATE13113,225,39,468
WINSTON13097,555,22,503
WOODLANDS13057,819,132,1411
WOODRIDGE ELEM13089,1802,36,123
WOODROW ROAD13089,3155,34,145
WOODSTATION13047,271,57,1520
WOODSTOCK13057,1177,181,2138
WOOLSEY13113,313,53,1412
WORTHVILLE13035,144,22,1075
WS13313,312,57,1283
WYATT13159,229,17,812
WYNBROOKE ELEM13089,2079,33,128
WYNNBROOK13215,516,58,1402
YATESVILLE13293,223,12,651
YELLOW CREEK13227,365,36,1725
YOUNG ROAD13089,1145,17,35
YOUNGS GROVE13233,129,24,1004
YUKON13123,78,26,647
ZENA DRIVE13015,937,108,1873
